"","Arousal","Valence","Identifier","Color"
"X004_o_m_a_a.png",0.85,-1.55,"Negative faces","orange"
"X006_y_m_a_a.png",1.55,-0.75,"Negative faces","orange"
"X079_o_f_a_a.png",0.775,-1.25,"Negative faces","orange"
"X116_m_m_a_a.png",1.7,-0.2,"Negative faces","orange"
"X140_y_f_a_a.png",1.4,-0.85,"Negative faces","orange"
"AD_9681.lo.png",0.3,-1.55,"Negative faces","orange"
"AF01_AC.png",0.55,-1.5,"Negative faces","orange"
"AF01_AO.png",1.45,-0.65,"Negative faces","orange"
"AF01ANS.png",0.95,-1.4,"Negative faces","orange"
"AF02_AC.png",-0.0476190476190476,-0.857142857142857,"Negative faces","orange"
"AF02_AO.png",1.3,-1.2,"Negative faces","orange"
"AF02ANS.png",1.05,-1.35,"Negative faces","orange"
"AF03_AC.png",1.05,-1.45,"Negative faces","orange"
"AF03_AO.png",1.175,-1.3,"Negative faces","orange"
"AF03ANS.png",0.9,-1.65,"Negative faces","orange"
"AF04ANS.png",0.7,-1.3,"Negative faces","orange"
"AF05_AC.png",0.55,-1.35,"Negative faces","orange"
"AF05_AO.png",1.05,-1.35,"Negative faces","orange"
"AF05ANS.png",0.95,-1.5,"Negative faces","orange"
"AF06_AC.png",1,-1.55,"Negative faces","orange"
"AF06_AO.png",1.5,-1.3,"Negative faces","orange"
"AF06ANS.png",1.2,-1.4,"Negative faces","orange"
"AF07_AC.png",1.05,-1.625,"Negative faces","orange"
"AF07_AO.copy.png",1.6,-0.8,"Negative faces","orange"
"AF07ANS.png",1.35,-1.15,"Negative faces","orange"
"AF08_AC.png",0.625,-1.7,"Negative faces","orange"
"AF08_AO.png",1.25,-1.15,"Negative faces","orange"
"AF08ANS.png",0.7,-1.15,"Negative faces","orange"
"AF09_AC.png",0.80952380952381,-1.61904761904762,"Negative faces","orange"
"AF09_AO.png",0.80952380952381,-1.52380952380952,"Negative faces","orange"
"AF09ANS.png",1.3,-1.35,"Negative faces","orange"
"AF10_AC.png",0.3,-0.95,"Negative faces","orange"
"AF10_AO.png",1.4,-1.4,"Negative faces","orange"
"AF10ANS.png",1.15,-1.375,"Negative faces","orange"
"AF11_AC.png",0.8,-1.45,"Negative faces","orange"
"AF11_AO.png",1.25,-1.25,"Negative faces","orange"
"AF11ANS.png",1.1,-1.35,"Negative faces","orange"
"AF12_AC.png",0.4,-1.4,"Negative faces","orange"
"AF12_AO.png",1.23809523809524,-0.952380952380952,"Negative faces","orange"
"AF12ANS.png",0.6,-1.2,"Negative faces","orange"
"AF13ANS.png",1.05,-1.4,"Negative faces","orange"
"AF14ANS.png",0.904761904761905,-1.66666666666667,"Negative faces","orange"
"AF15ANS.png",1.175,-1.325,"Negative faces","orange"
"AF16ANS.png",1.175,-1.1,"Negative faces","orange"
"AF17ANS.png",1.025,-1.425,"Negative faces","orange"
"AF18ANS.png",0.55,-1,"Negative faces","orange"
"AF19ANS.png",1.05,-1.2,"Negative faces","orange"
"AF20ANS.png",1.25,-1.5,"Negative faces","orange"
"AF21ANS.png",1.3,-1.3,"Negative faces","orange"
"AF22ANS.png",0.85,-1.35,"Negative faces","orange"
"AF23ANS.png",0.55,-1.85,"Negative faces","orange"
"AF24ANS.png",0.75,-1.65,"Negative faces","orange"
"AF25ANS.png",1.225,-1.15,"Negative faces","orange"
"AF26ANS.png",0.8,-1.1,"Negative faces","orange"
"AF27ANS.png",0.775,-1.325,"Negative faces","orange"
"AF28ANS.png",1.25,-1.15,"Negative faces","orange"
"AF29ANS.png",1.3,-1.3,"Negative faces","orange"
"AF30ANS.png",0.75,-1.175,"Negative faces","orange"
"AF31ANS.png",1.85,-0.65,"Negative faces","orange"
"AF32ANS.png",0.45,-1.3,"Negative faces","orange"
"AF33ANS.png",1.65,-0.9,"Negative faces","orange"
"AF34ANS.png",0.65,-1.25,"Negative faces","orange"
"AF35ANS.png",1.5,-1.05,"Negative faces","orange"
"AG_1314.png",1.35,-1.25,"Negative faces","orange"
"AM01_AC.png",0.9,-1.55,"Negative faces","orange"
"AM01_AO.png",1.15,-1.35,"Negative faces","orange"
"AM01ANS.png",0.45,-1.45,"Negative faces","orange"
"AM02_AC.png",1.35,-1.1,"Negative faces","orange"
"AM02_AO.png",1.70731707317073,-0.560975609756098,"Negative faces","orange"
"AM02ANS.png",0.85,-1.65,"Negative faces","orange"
"AM03_AC.png",0.3,-1.05,"Negative faces","orange"
"AM03_AO.png",1.775,-0.85,"Negative faces","orange"
"AM03ANS.png",1.725,-0.325,"Negative faces","orange"
"AM04_AC.png",0.3,-1.25,"Negative faces","orange"
"AM04_AO.png",1.35,-1.15,"Negative faces","orange"
"AM04ANS.png",1.2,-1.25,"Negative faces","orange"
"AM05_AC.png",-0.380952380952381,-0.428571428571429,"Negative faces","orange"
"AM05_AO.png",1.2,-0.95,"Negative faces","orange"
"AM05ANS.png",1.55,-1.15,"Negative faces","orange"
"AM06_AC.png",0.952380952380952,-1.28571428571429,"Negative faces","orange"
"AM06_AO.png",1.05,-1.5,"Negative faces","orange"
"AM06ANS.png",1.38095238095238,-1.57142857142857,"Negative faces","orange"
"AM07_AC.png",0.560975609756098,-1.29268292682927,"Negative faces","orange"
"AM07_AO.png",1.4,-1.55,"Negative faces","orange"
"AM07ANS.png",1.2,-1.5,"Negative faces","orange"
"AM08_AC.png",0.175,-1.475,"Negative faces","orange"
"AM08_AO.png",0.8,-1.35,"Negative faces","orange"
"AM08ANS.png",1.25,-1.525,"Negative faces","orange"
"AM09_AC.png",0.5,-1.4,"Negative faces","orange"
"AM09_AO.png",1.05,-1.6,"Negative faces","orange"
"AM09ANS.png",1.42857142857143,-1,"Negative faces","orange"
"AM10_AC.png",0.3,-1.65,"Negative faces","orange"
"AM10_AO.png",0.7,-1.45,"Negative faces","orange"
"AM10ANS.png",1.52380952380952,-0.380952380952381,"Negative faces","orange"
"AM11_AC.png",0.75,-1.65,"Negative faces","orange"
"AM11_AO.png",0.682926829268293,-1.53658536585366,"Negative faces","orange"
"AM11ANS.png",0.904761904761905,-1.57142857142857,"Negative faces","orange"
"AM12ANS.png",1.1,-1.55,"Negative faces","orange"
"AM13ANS.png",1.19047619047619,-0.904761904761905,"Negative faces","orange"
"AM14ANS.png",0.65,-1.6,"Negative faces","orange"
"AM15ANS.png",1.45,-0.85,"Negative faces","orange"
"AM16ANS.png",1.25,-1.4,"Negative faces","orange"
"AM17ANS.png",2,-0.1,"Negative faces","orange"
"AM18ANS.png",1.75,-0.35,"Negative faces","orange"
"AM19ANS.png",1.4,-0.85,"Negative faces","orange"
"AM20ANS.png",1.2,-1.45,"Negative faces","orange"
"AM21ANS.png",0.4,-1.55,"Negative faces","orange"
"AM22ANS.png",1.1,-1.275,"Negative faces","orange"
"AM23ANS.png",1.35,-1.05,"Negative faces","orange"
"AM24ANS.png",1.05,-1.55,"Negative faces","orange"
"AM25ANS.png",0.35,-1.35,"Negative faces","orange"
"AM26ANS.png",1.05,-0.85,"Negative faces","orange"
"AM27ANS.png",0.6,-1.325,"Negative faces","orange"
"AM28ANS.png",1.8,-0.6,"Negative faces","orange"
"AM29ANS.png",1.55,-0.8,"Negative faces","orange"
"AM30ANS.png",1.2,-1.3,"Negative faces","orange"
"AM31ANS.png",1.3,-1.3,"Negative faces","orange"
"AM32ANS...Copy.png",1.3,-1.2,"Negative faces","orange"
"AM34ANS.png",1.2,-1.55,"Negative faces","orange"
"AM35ANS.png",0.80952380952381,-1.42857142857143,"Negative faces","orange"
"BF01_AC.png",0.3,-1.25,"Negative faces","orange"
"BF01_AO.png",0.95,-1.4,"Negative faces","orange"
"BF02_AC.png",0,-1.1,"Negative faces","orange"
"BF02_AO.png",0.45,-1.25,"Negative faces","orange"
"BF03_AC.png",0.6,-1.5,"Negative faces","orange"
"BF03_AO.png",1.4,-1.5,"Negative faces","orange"
"BF04_AC.png",1.275,-1.45,"Negative faces","orange"
"BF04_AO.png",1.25,-1.35,"Negative faces","orange"
"BF05_AC.png",1.1,-1.35,"Negative faces","orange"
"BF05_AO.png",1.35,-0.8,"Negative faces","orange"
"BF06_AC.png",1.25,-1.4,"Negative faces","orange"
"BF06_AO.png",1.5,-1.15,"Negative faces","orange"
"BF07_AC.png",1,-1.35,"Negative faces","orange"
"BF07_AO.png",1.15,-0.95,"Negative faces","orange"
"BF08_AC.png",0.55,-1.55,"Negative faces","orange"
"BF08_AO.png",1.45,-1.25,"Negative faces","orange"
"BF09_AC.png",0.7,-1.55,"Negative faces","orange"
"BF09_AO.png",1.6,-0.85,"Negative faces","orange"
"BF10_AC.png",0.8,-1.45,"Negative faces","orange"
"BF10_AO.png",1.55,-0.65,"Negative faces","orange"
"BF12_AC.png",0.05,-1,"Negative faces","orange"
"BF12_AO.png",0.80952380952381,-1.38095238095238,"Negative faces","orange"
"BF13_AO.png",0.9,-0.65,"Negative faces","orange"
"BF14_AC.png",1.15,-0.95,"Negative faces","orange"
"BF14_AO.png",1.6,-0.75,"Negative faces","orange"
"BF15_AC.png",1.2,-1.5,"Negative faces","orange"
"BF15_AO.png",1.25,-1,"Negative faces","orange"
"BF16_AC.png",0.55,-1.2,"Negative faces","orange"
"BF16_AO.png",1.7,-0.7,"Negative faces","orange"
"BF17_AC.png",0.45,-1.1,"Negative faces","orange"
"BF17_AO.png",0.523809523809524,-1.14285714285714,"Negative faces","orange"
"BF18_AC.png",1.6,-1.2,"Negative faces","orange"
"BF18_AO.png",1.4,-1.15,"Negative faces","orange"
"BF19_AC.png",0.95,-1.4,"Negative faces","orange"
"BF19_AO.png",0.65,-0.5,"Negative faces","orange"
"BF20_AC.png",0.125,-1.175,"Negative faces","orange"
"BF20_AO.png",1,-1.4,"Negative faces","orange"
"BF21_AC.png",0.666666666666667,-1.52380952380952,"Negative faces","orange"
"BF21_AO.png",1.25,-0.85,"Negative faces","orange"
"BM01_AC.png",0.25,-1.15,"Negative faces","orange"
"BM01_AO.png",1.1,-1.4,"Negative faces","orange"
"BM02_AC.png",0.5,-1.15,"Negative faces","orange"
"BM02_AO.png",1.6,-0.7,"Negative faces","orange"
"BM03_AC.png",0.3,-1.75,"Negative faces","orange"
"BM03_AO.png",1.2,-1.325,"Negative faces","orange"
"BM04_AC.png",1.05,-1.25,"Negative faces","orange"
"BM04_AO.png",1.8,-0.6,"Negative faces","orange"
"BM05_AC.png",1.475,-1.375,"Negative faces","orange"
"BM05_AO.png",1.6,-0.55,"Negative faces","orange"
"BM06_AC.png",0.9,-1.55,"Negative faces","orange"
"BM06_AO.png",1.2,-1.25,"Negative faces","orange"
"BM07_AC.png",1.15,-1.35,"Negative faces","orange"
"BM07_AO.png",2.1,-0.3,"Negative faces","orange"
"BM08_AC.png",0.65,-1.5,"Negative faces","orange"
"BM08_AO.png",1.725,-0.875,"Negative faces","orange"
"BM09_AC.png",0.952380952380952,-1.57142857142857,"Negative faces","orange"
"BM09_AO.png",1.35,-0.45,"Negative faces","orange"
"BM11_AC.png",0.8,-1.5,"Negative faces","orange"
"BM11_AO.png",1.9,-0.25,"Negative faces","orange"
"BM12_AC.png",0.6,-0.8,"Negative faces","orange"
"BM12_AO.png",0.5,-0.75,"Negative faces","orange"
"BM13_AC.png",0.3,-0.4,"Negative faces","orange"
"BM13_AO.png",1.45,-0.9,"Negative faces","orange"
"BM14_AC.png",0.2,-1.15,"Negative faces","orange"
"BM14_AO.png",0.55,-1.35,"Negative faces","orange"
"BM15_AC.png",0.425,-1.1,"Negative faces","orange"
"BM15_AO.png",1.0952380952381,-0.952380952380952,"Negative faces","orange"
"BM16_AC.png",1.04761904761905,-1.47619047619048,"Negative faces","orange"
"BM16_AO.png",1.3,-1.1,"Negative faces","orange"
"BM17_AC.png",1.45,-0.9,"Negative faces","orange"
"BM17_AO.png",1.7,-0.6,"Negative faces","orange"
"BM18_AC.png",0.45,-1.4,"Negative faces","orange"
"BM18_AO.png",1.2,-1,"Negative faces","orange"
"CFD.BF.001.026.A.png",0.85,-1.55,"Negative faces","orange"
"CFD.BF.002.018.A.png",0.875,-1.5,"Negative faces","orange"
"CFD.BF.003.016.A.png",0.3,-1.55,"Negative faces","orange"
"CFD.BF.004.021.A.png",0.65,-1.5,"Negative faces","orange"
"CFD.BM.001.022.A.png",1.225,-1.425,"Negative faces","orange"
"CFD.BM.002.016.A.png",0.85,-1.55,"Negative faces","orange"
"CFD.BM.003.030.A.png",0.7,-1.35,"Negative faces","orange"
"CFD.BM.005.010.A.png",0.4,-1.1,"Negative faces","orange"
"CFD.BM.009.008.A.png",0.7,-1.5,"Negative faces","orange"
"CFD.BM.010.019.A.png",0.25,-0.85,"Negative faces","orange"
"CFD.BM.011.020.A.png",1.25,-1.5,"Negative faces","orange"
"CFD.WF.001.016.A.png",0.6,-1.5,"Negative faces","orange"
"CFD.WF.002.033.A.png",0.15,-0.8,"Negative faces","orange"
"CFD.WF.003.014.A.png",0.65,-1.4,"Negative faces","orange"
"CFD.WF.005.022.A.png",0.8,-1.4,"Negative faces","orange"
"CFD.WF.006.019.A.png",0.575,-1.15,"Negative faces","orange"
"CFD.WF.007.029.A.png",0.75,-1.65,"Negative faces","orange"
"CFD.WF.008.011.A.png",0.35,-1.35,"Negative faces","orange"
"CFD.WF.009.010.A.png",0.525,-1.325,"Negative faces","orange"
"CFD.WF.010.014.A.png",0.4,-1.25,"Negative faces","orange"
"CFD.WF.011.011.A.png",0.95,-1.35,"Negative faces","orange"
"CFD.WF.012.012.A.png",0.1,-1.05,"Negative faces","orange"
"CFD.WF.013.015.A.png",0.425,-1.15,"Negative faces","orange"
"CFD.WF.014.012.A.png",0.2,-0.45,"Negative faces","orange"
"CFD.WF.015.014.A.png",0.75,-1.2,"Negative faces","orange"
"CFD.WF.016.021.A.png",0.55,-1.55,"Negative faces","orange"
"CFD.WF.017.023.A.png",0.5,-1,"Negative faces","orange"
"CFD.WF.018.012.A.png",0.666666666666667,-1.23809523809524,"Negative faces","orange"
"CFD.WF.019.015.A.png",0.55,-1.35,"Negative faces","orange"
"CFD.WF.021.018.A.png",0.7,-1.5,"Negative faces","orange"
"CFD.WF.022.023.A.png",0.65,-1.55,"Negative faces","orange"
"CFD.WF.023.013.A.png",0.8,-1.4,"Negative faces","orange"
"CFD.WF.024.029.A.png",1.1,-0.9,"Negative faces","orange"
"CFD.WF.025.015.A.png",0.6,-1.3,"Negative faces","orange"
"CFD.WF.027.014.A.png",0.55,-1.55,"Negative faces","orange"
"CFD.WF.028.026.A.png",0.761904761904762,-1.28571428571429,"Negative faces","orange"
"CFD.WF.029.026.A.png",0.7,-1.1,"Negative faces","orange"
"CFD.WF.030.033.A.png",1.05,-1.475,"Negative faces","orange"
"CFD.WF.031.015.A.png",1.15,-1.4,"Negative faces","orange"
"CFD.WF.033.031.A.png",0.65,-1.35,"Negative faces","orange"
"CFD.WF.034.016.A.png",0.8,-1.55,"Negative faces","orange"
"CFD.WF.035.033.A.png",0.8,-1.4,"Negative faces","orange"
"CFD.WF.036.015.A.png",0.5,-1.3,"Negative faces","orange"
"CFD.WF.037.016.A.png",0.9,-1.6,"Negative faces","orange"
"CFD.WF.038.030.A.png",0.55,-1.2,"Negative faces","orange"
"CFD.WF.039.032.A.png",0.15,-1.05,"Negative faces","orange"
"CFD.WM.002.017.A.png",0.5,-1.15,"Negative faces","orange"
"CFD.WM.003.008.A.png",0.25,-0.9,"Negative faces","orange"
"CFD.WM.004.011.A.png",1,-1.3,"Negative faces","orange"
"CFD.WM.006.022.A.png",0,-1.25,"Negative faces","orange"
"CFD.WM.009.009.A.png",0.55,-1.3,"Negative faces","orange"
"CFD.WM.010.016.A.png",0.3,-1.3,"Negative faces","orange"
"CFD.WM.011.011.A.png",0.1,-1.35,"Negative faces","orange"
"CFD.WM.012.015.A.png",0.45,-1.35,"Negative faces","orange"
"CFD.WM.013.015.A.png",0.2,-1.2,"Negative faces","orange"
"CFD.WM.014.013.A.png",0.45,-0.9,"Negative faces","orange"
"CFD.WM.015.017.A.png",-0.05,-0.65,"Negative faces","orange"
"CFD.WM.016.008.A.png",0.925,-1.525,"Negative faces","orange"
"CFD.WM.017.011.A.png",0,-1,"Negative faces","orange"
"CFD.WM.018.007.A.png",0.35,-1.05,"Negative faces","orange"
"CFD.WM.019.013.A.png",0.8,-1.5,"Negative faces","orange"
"CFD.WM.020.008.A.png",0.95,-1.5,"Negative faces","orange"
"CFD.WM.021.009.A.png",0.9,-1.35,"Negative faces","orange"
"CFD.WM.022.008.A.png",0.15,-1.2,"Negative faces","orange"
"CFD.WM.023.012.A.png",0.5,-1.375,"Negative faces","orange"
"CFD.WM.024.010.A.png",0.8,-1.6,"Negative faces","orange"
"CFD.WM.025.008.A.png",1.2,-1.35,"Negative faces","orange"
"CFD.WM.026.019.A.png",0.65,-1.35,"Negative faces","orange"
"CFD.WM.028.029.A.png",0.55,-1.4,"Negative faces","orange"
"CFD.WM.029.014.A.png",0.35,-1,"Negative faces","orange"
"CFD.WM.031.045.A.png",1,-1.25,"Negative faces","orange"
"CFD.WM.032.014.A.png",0.35,-1,"Negative faces","orange"
"CFD.WM.033.014.A.png",0.25,-1.15,"Negative faces","orange"
"CFD.WM.034.040.A.png",0.65,-1.5,"Negative faces","orange"
"CFD.WM.035.018.A.png",0.65,-1.25,"Negative faces","orange"
"CFD.WM.036.018.A.png",0.829268292682927,-1.51219512195122,"Negative faces","orange"
"CFD.WM.037.060.A.png",1.05,-1.2,"Negative faces","orange"
"CFD.WM.038.011.A.png",1.3,-1.15,"Negative faces","orange"
"CFD.WM.039.010.A.png",0.2,-1.55,"Negative faces","orange"
"CFD.WM.040.007.A.png",0.85,-1.25,"Negative faces","orange"
"CFD.WM.041.009.A.png",0.5,-1.575,"Negative faces","orange"
"DC_1317_E.png",1.5,-1.35,"Negative faces","orange"
"HF01_AC.png",0.3,-1.15,"Negative faces","orange"
"HF01_AO.png",0.55,-1.35,"Negative faces","orange"
"HF02_AC.png",0.45,-1,"Negative faces","orange"
"HF02_AO.png",1.55,-0.75,"Negative faces","orange"
"HF03_AC.png",0.5,-1.05,"Negative faces","orange"
"HF03_AO.png",1.1,-1.35,"Negative faces","orange"
"HF04_AC.png",0.35,-1.2,"Negative faces","orange"
"HF04_AO.png",0.85,-1.375,"Negative faces","orange"
"HF05_AC.png",1.4,-1.15,"Negative faces","orange"
"HF05_AO.png",1.75,-0.5,"Negative faces","orange"
"HF07_AC.png",0.35,-1,"Negative faces","orange"
"HF07_AO.png",0.15,-0.65,"Negative faces","orange"
"HF08_AC.png",0.25,-1.25,"Negative faces","orange"
"HF08_AO.png",0.8,-1.75,"Negative faces","orange"
"HF09_AC.png",0.8,-1.6,"Negative faces","orange"
"HF09_AO.png",1.25,-1.1,"Negative faces","orange"
"HF10_AC.png",0.55,-1.35,"Negative faces","orange"
"HF10_AO.png",1.5,-0.95,"Negative faces","orange"
"HM01_AC.png",0.4,-1.2,"Negative faces","orange"
"HM01_AO.png",0.75,-1.2,"Negative faces","orange"
"HM02_AC.png",1,-1.35,"Negative faces","orange"
"HM02_AO.png",1.35,-1.3,"Negative faces","orange"
"HM03_AC.png",0.2,-1.15,"Negative faces","orange"
"HM03_AO.png",1.1,-1.15,"Negative faces","orange"
"HM04_AC.png",0.9,-1.4,"Negative faces","orange"
"HM04_AO.png",1.1,-1.5,"Negative faces","orange"
"HM05_AC.png",1.70731707317073,-0.390243902439024,"Negative faces","orange"
"HM05_AO.png",1.8,-0.2,"Negative faces","orange"
"HM06_AC.png",1.15,-1.05,"Negative faces","orange"
"HM06_AO.png",1.8,-0.8,"Negative faces","orange"
"HM07_AC.png",0.4,-1.35,"Negative faces","orange"
"HM07_AO.png",2,-0.65,"Negative faces","orange"
"HM08_AC.png",0.8,-1.2,"Negative faces","orange"
"HM08_AO.png",1.5,-0.975,"Negative faces","orange"
"HM09_AC.png",0.85,-1.45,"Negative faces","orange"
"HM09_AO.png",1.7,-0.65,"Negative faces","orange"
"HM10_AC.png",-0.2,-1.2,"Negative faces","orange"
"HM10_AO.png",1.15,-1.5,"Negative faces","orange"
"HM11_AC.png",0.19047619047619,-1.33333333333333,"Negative faces","orange"
"HM11_AO.png",0.95,-1.45,"Negative faces","orange"
"HW_1612.png",1.05,-1.25,"Negative faces","orange"
"JG_2291.png",0.95,-1.65,"Negative faces","orange"
"JS_2296.png",1,-1.5,"Negative faces","orange"
"KA_1616.png",1.25,-1.3,"Negative faces","orange"
"KL_1182.png",0.75,-1.45,"Negative faces","orange"
"KM_0620.png",1.55,-0.75,"Negative faces","orange"
"KO_0251.png",1.05,-1.25,"Negative faces","orange"
"KP_0760.png",1.2,-1,"Negative faces","orange"
"MB_1210.png",1.52380952380952,-0.476190476190476,"Negative faces","orange"
"MG_1317.png",1.05,-1.25,"Negative faces","orange"
"MJ_0152.png",1.15,-1.35,"Negative faces","orange"
"MK_0173.png",1.05,-1.2,"Negative faces","orange"
"MR_2450.png",0.8,-1.15,"Negative faces","orange"
"MR1_1802.png",0.95,-1.55,"Negative faces","orange"
"MS_0695.png",1.05,-1.45,"Negative faces","orange"
"OG_6484.png",1.04761904761905,-1.33333333333333,"Negative faces","orange"
"PA_0967.png",1.2,-1.1,"Negative faces","orange"
"PB_0314.png",1.6,-0.95,"Negative faces","orange"
"PO_0951.png",1.55,-1,"Negative faces","orange"
"PS_0100.png",0.7,-1.5,"Negative faces","orange"
"RA_1786.png",0.95,-1.65,"Negative faces","orange"
"RB_0586.png",0.8,-1.6,"Negative faces","orange"
"SO_0071.png",1.7,-0.85,"Negative faces","orange"
"SS0302.png",0.714285714285714,-1.28571428571429,"Negative faces","orange"
"WF01_AC.png",0.55,-1.55,"Negative faces","orange"
"WF01_AO.png",1.45,-1.05,"Negative faces","orange"
"WF02_AC.png",0.714285714285714,-1.47619047619048,"Negative faces","orange"
"WF02_AO.png",1.6,-1.1,"Negative faces","orange"
"WF03_AC.png",0.35,-1.1,"Negative faces","orange"
"WF03_AO.png",1.7,-0.75,"Negative faces","orange"
"WF04_AC.png",0.666666666666667,-1.57142857142857,"Negative faces","orange"
"WF04_AO.png",1.7,-1,"Negative faces","orange"
"WF05_AC.png",0.7,-1.3,"Negative faces","orange"
"WF05_AO.png",1.225,-1.15,"Negative faces","orange"
"WF06_AC.png",0.4,-1.25,"Negative faces","orange"
"WF06_AO.png",1.2,-1.5,"Negative faces","orange"
"WF07_AC.png",0.85,-1.2,"Negative faces","orange"
"WF07_AO.png",0.829268292682927,-1.53658536585366,"Negative faces","orange"
"WF08_AC.png",-0.55,1.3,"Negative faces","orange"
"WF08_AO.png",0.4,0.35,"Negative faces","orange"
"WF10_AC.png",0.7,-1.35,"Negative faces","orange"
"WF10_AO.png",1.55,-1,"Negative faces","orange"
"WF11_AC.png",0.9,-1.5,"Negative faces","orange"
"WF11_AO.png",1.3,-1.35,"Negative faces","orange"
"WF12_AC.png",1.05,-1.3,"Negative faces","orange"
"WF12_AO.png",1.375,-1.025,"Negative faces","orange"
"WF13_AC.png",0.55,-1.25,"Negative faces","orange"
"WF13_AO.png",1.05,-1,"Negative faces","orange"
"WF14_AC.png",1.1,-1.25,"Negative faces","orange"
"WF14_AO.png",1.5,-0.95,"Negative faces","orange"
"WF15_AC.png",0.475,-1.25,"Negative faces","orange"
"WF15_AO.png",1.05,-1.2,"Negative faces","orange"
"WM01_AC.png",0.85,-1.525,"Negative faces","orange"
"WM01_AO.png",1.55,-0.7,"Negative faces","orange"
"WM02_AC.png",0.6,-1.55,"Negative faces","orange"
"WM02_AO.png",1.25,-1.1,"Negative faces","orange"
"WM03_AC.png",0.7,-1.6,"Negative faces","orange"
"WM03_AO.png",1.425,-1.225,"Negative faces","orange"
"WM04_AC.png",0.55,-1.05,"Negative faces","orange"
"WM04_AO.png",1.57142857142857,-0.857142857142857,"Negative faces","orange"
"WM05_AC.png",0.75,-1.3,"Negative faces","orange"
"WM05_AO.png",1.3,-0.7,"Negative faces","orange"
"WM06_AC.png",1.1,-1.8,"Negative faces","orange"
"WM06_AO.png",1.95,-0.5,"Negative faces","orange"
"WM07_AC.png",1.45,-1.1,"Negative faces","orange"
"WM07_AO.png",2,-0.3,"Negative faces","orange"
"WM08_AC.png",0.35,-1,"Negative faces","orange"
"WM08_AO.png",1.25,-1.45,"Negative faces","orange"
"WM09_AC.png",0.575,-1.375,"Negative faces","orange"
"WM09_AO.png",1.3,-1.05,"Negative faces","orange"
"WM10_AC.png",1.3,-1.1,"Negative faces","orange"
"WM10_AO.png",1.6,-0.55,"Negative faces","orange"
"WM11_AC.png",0.45,-1.1,"Negative faces","orange"
"WM11_AO.png",1.5,-0.8,"Negative faces","orange"
"WM12_AC.png",0.4,-0.95,"Negative faces","orange"
"WM12_AO.png",0.7,-1.2,"Negative faces","orange"
"WM13_AC.png",1.6,-0.5,"Negative faces","orange"
"WM13_AO.png",2.15,-0.4,"Negative faces","orange"
"AD_7950.png",-0.15,1.05,"Positive faces","purple"
"AF01_HC.png",-0.65,1.2,"Positive faces","purple"
"AF01_HO.png",-0.5,1.3,"Positive faces","purple"
"AF02_HC.png",-0.1,1.3,"Positive faces","purple"
"AF02_HO.png",-0.4,1.7,"Positive faces","purple"
"AF03_HC.png",-0.95,1.05,"Positive faces","purple"
"AF03_HO.png",-0.25,1.7,"Positive faces","purple"
"AF05_HC.png",-0.9,0.95,"Positive faces","purple"
"AF05_HO.png",-0.35,1.45,"Positive faces","purple"
"AF06_HC.png",-1.85714285714286,1.19047619047619,"Positive faces","purple"
"AF06_HO.png",-0.8,1.35,"Positive faces","purple"
"AF07_HC.png",-0.75,1.05,"Positive faces","purple"
"AF07_HO.png",-0.65,1.4,"Positive faces","purple"
"AF08_HC.png",-0.75,1.75,"Positive faces","purple"
"AF08_HO.png",-0.7,1.4,"Positive faces","purple"
"AF09_HC.png",-0.9,1.35,"Positive faces","purple"
"AF09_HO.png",-0.85,1.55,"Positive faces","purple"
"AF10_HC.png",-0.8,1.35,"Positive faces","purple"
"AF10_HO.png",-0.75,1.575,"Positive faces","purple"
"AF11_HC.png",-0.9,1.3,"Positive faces","purple"
"AF11_HO.png",-0.4,1.15,"Positive faces","purple"
"AF12_HC.png",-1,1.55,"Positive faces","purple"
"AF12_HO.png",-0.2,1.35,"Positive faces","purple"
"AG_0086.png",-0.35,1.45,"Positive faces","purple"
"AM01_HC.png",-0.75,0.9,"Positive faces","purple"
"AM01_HO.png",-0.7,1.375,"Positive faces","purple"
"AM02_HC.png",-1.1,1.45,"Positive faces","purple"
"AM02_HO.png",-0.6,1.65,"Positive faces","purple"
"AM03_HC.png",-1.14285714285714,1.85714285714286,"Positive faces","purple"
"AM03_HO.png",-1.28571428571429,1.23809523809524,"Positive faces","purple"
"AM04_HC.png",-1.3,1.7,"Positive faces","purple"
"AM04_HO.png",0,1.15,"Positive faces","purple"
"AM05_HC.png",-0.95,0.9,"Positive faces","purple"
"AM05_HO.png",-0.925,1.5,"Positive faces","purple"
"AM06_HC.png",-0.3,0.9,"Positive faces","purple"
"AM06_HO.png",-1.05,1.35,"Positive faces","purple"
"AM07_HC.png",-0.85,0.9,"Positive faces","purple"
"AM07_HO.png",-0.75,1.4,"Positive faces","purple"
"AM08_HC.png",-0.571428571428571,0.19047619047619,"Positive faces","purple"
"AM08_HO.png",-0.7,0.65,"Positive faces","purple"
"AM09_HC.png",-0.7,0.65,"Positive faces","purple"
"AM09_HO.png",-0.707317073170732,1.5609756097561,"Positive faces","purple"
"AM10_HC.png",-0.9,1.175,"Positive faces","purple"
"AM10_HO.png",-0.85,1.35,"Positive faces","purple"
"AM11_HC.png",-0.65,0.525,"Positive faces","purple"
"AM11_HO.png",-0.85,1.05,"Positive faces","purple"
"BF01_HC.png",-0.45,1.15,"Positive faces","purple"
"BF01_HO.png",-0.95,1.4,"Positive faces","purple"
"BF02_HC.png",-0.9,0.925,"Positive faces","purple"
"BF02_HO.png",-0.95,1.45,"Positive faces","purple"
"BF03_HC.png",-0.7,1.3,"Positive faces","purple"
"BF03_HO.png",-0.5,1.4,"Positive faces","purple"
"BF04_HC.png",-0.625,1.35,"Positive faces","purple"
"BF04_HO.png",-0.45,1.35,"Positive faces","purple"
"BF05_HC.png",-0.625,1.525,"Positive faces","purple"
"BF05_HO.png",-0.05,0.6,"Positive faces","purple"
"BF06_HC.png",-1,1.3,"Positive faces","purple"
"BF06_HO.png",-0.8,1.575,"Positive faces","purple"
"BF07_HC.png",-1.05,1.3,"Positive faces","purple"
"BF07_HO.png",-0.9,1.5,"Positive faces","purple"
"BF08_HC.png",-1.05,0.95,"Positive faces","purple"
"BF08_HO.png",-0.7,1.35,"Positive faces","purple"
"BF09_HC.png",-0.9,0.95,"Positive faces","purple"
"BF09_HO.png",0.25,0.65,"Positive faces","purple"
"BF10_HC.png",-1.1,1.5,"Positive faces","purple"
"BF10_HO.png",-1.3,1.15,"Positive faces","purple"
"BF12_HC.png",-0.65,1,"Positive faces","purple"
"BF12_HO.png",-0.05,1.2,"Positive faces","purple"
"BF13_AC.png",0.195121951219512,-0.219512195121951,"Positive faces","purple"
"BF13_HC.png",-1,1.5,"Positive faces","purple"
"BF13_HO.png",-0.65,1.35,"Positive faces","purple"
"BF14_HC.png",-0.875,1.4,"Positive faces","purple"
"BF14_HO.png",-1.1,1.4,"Positive faces","purple"
"BF15_HC.png",-1.1,1.75,"Positive faces","purple"
"BF15_HO.png",0.05,0.8,"Positive faces","purple"
"BF16_HC.png",-1.05,1.3,"Positive faces","purple"
"BF16_HO.png",-0.146341463414634,1.09756097560976,"Positive faces","purple"
"BF17_HC.png",-0.8,1.2,"Positive faces","purple"
"BF17_HO.png",-0.8,1.6,"Positive faces","purple"
"BF18_HC.png",-1,1.6,"Positive faces","purple"
"BF18_HO.png",-0.05,1.2,"Positive faces","purple"
"BF19_HC.png",-1,1.75,"Positive faces","purple"
"BF19_HO.png",-0.390243902439024,1.58536585365854,"Positive faces","purple"
"BF20_HC.png",-0.2,0.05,"Positive faces","purple"
"BF20_HO.png",-0.45,1.25,"Positive faces","purple"
"BF21_HC.png",-0.9,1.2,"Positive faces","purple"
"BF21_HO.png",-0.8,1.65,"Positive faces","purple"
"BM01_HC.png",-0.8,1.2,"Positive faces","purple"
"BM01_HO.png",-0.95,1.2,"Positive faces","purple"
"BM02_HC.png",-0.85,1.15,"Positive faces","purple"
"BM02_HO.png",-0.80952380952381,0.714285714285714,"Positive faces","purple"
"BM03_HC.png",-1.1,1.3,"Positive faces","purple"
"BM03_HO.png",-0.55,1.525,"Positive faces","purple"
"BM04_HC.png",-1.1,1.45,"Positive faces","purple"
"BM04_HO.png",-0.95,1.45,"Positive faces","purple"
"BM05_HC.png",-1.26829268292683,1.51219512195122,"Positive faces","purple"
"BM05_HO.png",-0.439024390243902,1.36585365853659,"Positive faces","purple"
"BM06_HC.png",-1.15,1.5,"Positive faces","purple"
"BM06_HO.png",-0.952380952380952,1.19047619047619,"Positive faces","purple"
"BM07_HC.png",-0.45,1.35,"Positive faces","purple"
"BM07_HO.png",-0.3,1.05,"Positive faces","purple"
"BM08_HC.png",-0.85,0.9,"Positive faces","purple"
"BM08_HO.png",-1.28571428571429,1.57142857142857,"Positive faces","purple"
"BM09_HC.png",-0.65,0.95,"Positive faces","purple"
"BM09_HO.png",-0.95,1.6,"Positive faces","purple"
"BM11_HC.png",-0.5,1.3,"Positive faces","purple"
"BM11_HO.png",-0.25,1.15,"Positive faces","purple"
"BM12_HC.png",-1.3,1.65,"Positive faces","purple"
"BM12_HO.png",0.1,1.15,"Positive faces","purple"
"BM13_HC.png",-1.05,1.65,"Positive faces","purple"
"BM13_HO.png",-0.6,0.95,"Positive faces","purple"
"BM14_HC.png",-0.55,0.1,"Positive faces","purple"
"BM14_HO.png",-0.9,1.2,"Positive faces","purple"
"BM15_HC.png",-0.75,1.3,"Positive faces","purple"
"BM15_HO.png",-0.85,1.35,"Positive faces","purple"
"BM16_HC.png",-1,1.55,"Positive faces","purple"
"BM16_HO.png",-1.05,1.25,"Positive faces","purple"
"BM17_HC.png",-0.8,1.05,"Positive faces","purple"
"BM17_HO.png",-0.75,1.2,"Positive faces","purple"
"BM18_HC.png",-1.36585365853659,1.68292682926829,"Positive faces","purple"
"BM18_HO.png",-1,1.35,"Positive faces","purple"
"CFD.BF.001.018.HO.png",-1,1.5,"Positive faces","purple"
"CFD.BF.001.021.HC.png",-0.8,1.3,"Positive faces","purple"
"CFD.BF.002.004.HO.png",-0.95,1.5,"Positive faces","purple"
"CFD.BF.002.006.HC.png",-0.45,1.3,"Positive faces","purple"
"CFD.BF.003.007.HC.png",-1.3,1.45,"Positive faces","purple"
"CFD.BF.004.008.HC.png",-0.925,1.025,"Positive faces","purple"
"CFD.BM.002.011.HC.png",-0.7,1.45,"Positive faces","purple"
"CFD.BM.009.006.HC.png",-0.9,1.3,"Positive faces","purple"
"CFD.BM.011.019.HC.png",-0.85,1.5,"Positive faces","purple"
"CFD.BM.013.014.HC.png",-1.55,1.8,"Positive faces","purple"
"CFD.BM.015.017.HC.png",-0.7,0.8,"Positive faces","purple"
"CFD.BM.017.052.HC.png",-0.85,1.15,"Positive faces","purple"
"CFD.BM.018.004.HC.png",-0.85,1.35,"Positive faces","purple"
"CFD.WF.001.009.HO.png",-0.7,1.55,"Positive faces","purple"
"CFD.WF.001.010.HC.png",-0.9,1.55,"Positive faces","purple"
"CFD.WF.002.008.HC.png",-0.95,1.25,"Positive faces","purple"
"CFD.WF.003.004.HO.png",-0.9,1.55,"Positive faces","purple"
"CFD.WF.003.007.HC.png",-0.65,1.45,"Positive faces","purple"
"CFD.WF.005.013.HO.png",0.3,0.85,"Positive faces","purple"
"CFD.WF.005.016.HC.png",-0.85,1.6,"Positive faces","purple"
"CFD.WF.006.003.HC.png",-0.904761904761905,1.28571428571429,"Positive faces","purple"
"CFD.WF.006.006.HO.png",-0.25,1.2,"Positive faces","purple"
"CFD.WF.007.003.HO.png",-1.05,1.85,"Positive faces","purple"
"CFD.WF.007.005.HC.png",-0.8,1.4,"Positive faces","purple"
"CFD.WF.008.003.HO.png",-0.6,1.5,"Positive faces","purple"
"CFD.WF.008.005.HC.png",-0.7,1.05,"Positive faces","purple"
"CFD.WF.009.004.HO.png",-0.35,1.15,"Positive faces","purple"
"CFD.WF.009.006.HC.png",-0.9,1.525,"Positive faces","purple"
"CFD.WF.010.006.HO.png",-1,1.65,"Positive faces","purple"
"CFD.WF.010.008.HC.png",-0.560975609756098,0.268292682926829,"Positive faces","purple"
"CFD.WF.011.003.HO.png",-0.9,1.5,"Positive faces","purple"
"CFD.WF.011.006.HC.png",-1.15,1.6,"Positive faces","purple"
"CFD.WF.012.004.HC.png",-0.35,1.5,"Positive faces","purple"
"CFD.WF.012.007.HO.png",-1.15,1.65,"Positive faces","purple"
"CFD.WF.013.006.HO.png",-0.975,1.55,"Positive faces","purple"
"CFD.WF.013.009.HC.png",-1.1,1.35,"Positive faces","purple"
"CFD.WF.014.004.HO.png",-1.19047619047619,1.80952380952381,"Positive faces","purple"
"CFD.WF.014.009.HC.png",-0.65,0.85,"Positive faces","purple"
"CFD.WF.015.022.HO.png",-0.8,1,"Positive faces","purple"
"CFD.WF.015.023.HC.png",-0.65,1.45,"Positive faces","purple"
"CFD.WF.016.003.HO.png",-0.55,1.6,"Positive faces","purple"
"CFD.WF.016.017.HC.png",-0.9,1.35,"Positive faces","purple"
"CFD.WF.017.015.HO.png",-0.65,1.55,"Positive faces","purple"
"CFD.WF.017.016.HC.png",-1.175,1.5,"Positive faces","purple"
"CFD.WF.018.018.HO.png",-1.1,1.2,"Positive faces","purple"
"CFD.WF.018.019.HC.png",-1.05,1.4,"Positive faces","purple"
"CFD.WF.019.032.HC.png",-1.05,1.425,"Positive faces","purple"
"CFD.WF.019.035.HO.png",-0.2,1.5,"Positive faces","purple"
"CFD.WF.020.007.HC.png",-1.23809523809524,1.66666666666667,"Positive faces","purple"
"CFD.WF.020.023.HO.png",-0.9,1.7,"Positive faces","purple"
"CFD.WF.021.006.HC.png",-0.8,1.2,"Positive faces","purple"
"CFD.WF.021.016.HO.png",-0.55,1.1,"Positive faces","purple"
"CFD.WF.022.007.HC.png",-0.85,1.8,"Positive faces","purple"
"CFD.WF.022.019.HO.png",-0.3,1.6,"Positive faces","purple"
"CFD.WF.023.020.HO.png",-1.14285714285714,1.80952380952381,"Positive faces","purple"
"CFD.WF.023.021.HC.png",-0.35,1.15,"Positive faces","purple"
"CFD.WF.024.006.HO.png",-0.45,1.725,"Positive faces","purple"
"CFD.WF.024.010.HC.png",-0.8,1.3,"Positive faces","purple"
"CFD.WF.025.006.HO.png",0,1,"Positive faces","purple"
"CFD.WF.025.023.HC.png",-1.3,1.65,"Positive faces","purple"
"CFD.WF.026.008.A.png",0.7,-1.35,"Positive faces","purple"
"CFD.WF.026.017.HO.png",-0.75,1.45,"Positive faces","purple"
"CFD.WF.026.018.HC.png",-0.8,1.15,"Positive faces","purple"
"CFD.WF.027.007.HC.png",-1.2,1.5,"Positive faces","purple"
"CFD.WF.027.021.HO.png",-0.1,1.35,"Positive faces","purple"
"CFD.WF.028.024.HO.png",-0.619047619047619,1.66666666666667,"Positive faces","purple"
"CFD.WF.028.025.HC.png",-0.904761904761905,1.38095238095238,"Positive faces","purple"
"CFD.WF.029.021.HO.png",-0.5,1.3,"Positive faces","purple"
"CFD.WF.029.023.HC.png",-0.9,1.4,"Positive faces","purple"
"CFD.WF.030.003.HO.png",-0.6,1.5,"Positive faces","purple"
"CFD.WF.030.031.HC.png",-1.05,1.3,"Positive faces","purple"
"CFD.WF.031.005.HO.png",0.5,0.9,"Positive faces","purple"
"CFD.WF.031.009.HC.png",-1.05,1.9,"Positive faces","purple"
"CFD.WF.033.005.HO.png",-0.6,1.6,"Positive faces","purple"
"CFD.WF.033.041.HC.png",-1.1,1.3,"Positive faces","purple"
"CFD.WF.034.033.HO.png",-1.3,1.4,"Positive faces","purple"
"CFD.WF.034.061.HC.png",-1.025,1.35,"Positive faces","purple"
"CFD.WF.035.027.HO.png",-1,1.65,"Positive faces","purple"
"CFD.WF.035.030.HC.png",-1.1,1.3,"Positive faces","purple"
"CFD.WF.036.026.HO.png",-0.6,1.85,"Positive faces","purple"
"CFD.WF.036.030.HC.png",-1.05,1,"Positive faces","purple"
"CFD.WF.037.034.HC.png",-1.25,1.55,"Positive faces","purple"
"CFD.WF.038.023.HO.png",-0.35,1.05,"Positive faces","purple"
"CFD.WF.038.027.HC.png",-0.925,1.65,"Positive faces","purple"
"CFD.WF.039.005.HO.png",-1.35,1.45,"Positive faces","purple"
"CFD.WF.039.008.HC.png",-1.2,1.3,"Positive faces","purple"
"CFD.WM.001.007.HC.png",-0.857142857142857,1.0952380952381,"Positive faces","purple"
"CFD.WM.001.011.HO.png",-0.9,1.35,"Positive faces","purple"
"CFD.WM.002.007.HO.png",-0.65,1.6,"Positive faces","purple"
"CFD.WM.002.008.HC.png",-0.7,1.45,"Positive faces","purple"
"CFD.WM.003.003.HO.png",-0.675,1.575,"Positive faces","purple"
"CFD.WM.003.006.HC.png",-0.55,1.05,"Positive faces","purple"
"CFD.WM.004.005.HC.png",-1.66666666666667,1.9047619047619,"Positive faces","purple"
"CFD.WM.004.006.HO.png",0,1.5,"Positive faces","purple"
"CFD.WM.006.010.HO.png",-0.1,0.85,"Positive faces","purple"
"CFD.WM.006.013.HC.png",-0.9,1.5,"Positive faces","purple"
"CFD.WM.009.004.HO.png",-0.95,1.575,"Positive faces","purple"
"CFD.WM.009.006.HC.png",-1.4,1.55,"Positive faces","purple"
"CFD.WM.010.004.HO.png",-0.65,0.9,"Positive faces","purple"
"CFD.WM.010.007.HC.png",-0.5,0.55,"Positive faces","purple"
"CFD.WM.011.003.HO.png",-0.75,1.45,"Positive faces","purple"
"CFD.WM.011.006.HC.png",-1.1,1.25,"Positive faces","purple"
"CFD.WM.012.005.HO.png",-1.05,1.65,"Positive faces","purple"
"CFD.WM.012.007.HC.png",-0.65,1.35,"Positive faces","purple"
"CFD.WM.013.006.HO.png",-0.55,1.35,"Positive faces","purple"
"CFD.WM.013.008.HC.png",-0.35,0.6,"Positive faces","purple"
"CFD.WM.014.004.HO.png",-0.9,1.5,"Positive faces","purple"
"CFD.WM.014.008.HC.png",-1,1.4,"Positive faces","purple"
"CFD.WM.015.005.HO.png",-1,1.4,"Positive faces","purple"
"CFD.WM.015.009.HC.png",-0.9,1.15,"Positive faces","purple"
"CFD.WM.016.002.HO.png",-0.55,1.45,"Positive faces","purple"
"CFD.WM.016.005.HC.png",-0.75,1.35,"Positive faces","purple"
"CFD.WM.017.003.HC.png",-0.75,0.75,"Positive faces","purple"
"CFD.WM.017.005.HO.png",-0.45,1.25,"Positive faces","purple"
"CFD.WM.018.004.HO.png",-0.5,1.2,"Positive faces","purple"
"CFD.WM.018.005.HC.png",-0.25,0.2,"Positive faces","purple"
"CFD.WM.019.006.HC.png",-0.85,0.8,"Positive faces","purple"
"CFD.WM.019.009.HO.png",-0.95,1.3,"Positive faces","purple"
"CFD.WM.020.003.HO.png",-1.2,1.6,"Positive faces","purple"
"CFD.WM.020.005.HC.png",-0.6,1.4,"Positive faces","purple"
"CFD.WM.021.004.HO.png",-0.4,1.25,"Positive faces","purple"
"CFD.WM.021.006.HC.png",-0.55,1.45,"Positive faces","purple"
"CFD.WM.022.003.HC.png",-0.8,1.45,"Positive faces","purple"
"CFD.WM.022.005.HO.png",-0.7,1.45,"Positive faces","purple"
"CFD.WM.023.004.HO.png",-0.45,1.65,"Positive faces","purple"
"CFD.WM.023.007.HC.png",-1,1.2,"Positive faces","purple"
"CFD.WM.024.003.HO.png",-0.2,1.65,"Positive faces","purple"
"CFD.WM.024.007.HC.png",-1.35,1.65,"Positive faces","purple"
"CFD.WM.025.018.HC.png",-1.2,1.35,"Positive faces","purple"
"CFD.WM.025.019.HO.png",-0.425,1.6,"Positive faces","purple"
"CFD.WM.026.004.HC.png",-0.65,1,"Positive faces","purple"
"CFD.WM.026.006.HO.png",-0.5,1.55,"Positive faces","purple"
"CFD.WM.028.007.HO.png",-0.8,1.1,"Positive faces","purple"
"CFD.WM.029.009.HC.png",-0.95,1.35,"Positive faces","purple"
"CFD.WM.029.029.HO.png",-1.1,1.15,"Positive faces","purple"
"CFD.WM.031.004.HO.png",-0.9,1.45,"Positive faces","purple"
"CFD.WM.031.038.HC.png",-0.7,1.1,"Positive faces","purple"
"CFD.WM.032.004.HO.png",-0.7,1.45,"Positive faces","purple"
"CFD.WM.032.008.HC.png",-0.85,1.35,"Positive faces","purple"
"CFD.WM.033.006.HC.png",-1.1,1.2,"Positive faces","purple"
"CFD.WM.033.007.HO.png",-1.23809523809524,1.47619047619048,"Positive faces","purple"
"CFD.WM.034.032.HC.png",-0.65,1.65,"Positive faces","purple"
"CFD.WM.034.035.HO.png",-1,1.35,"Positive faces","purple"
"CFD.WM.035.033.HO.png",-0.35,1.75,"Positive faces","purple"
"CFD.WM.035.036.HC.png",-1.05,1.55,"Positive faces","purple"
"CFD.WM.036.034.HO.png",-0.45,0.7,"Positive faces","purple"
"CFD.WM.036.037.HC.png",-0.571428571428571,0.523809523809524,"Positive faces","purple"
"CFD.WM.037.033.HC.png",-0.853658536585366,1.26829268292683,"Positive faces","purple"
"CFD.WM.037.034.HO.png",-0.9,1.35,"Positive faces","purple"
"CFD.WM.038.005.HO.png",-0.4,1.05,"Positive faces","purple"
"CFD.WM.038.007.HC.png",-0.3,1.3,"Positive faces","purple"
"CFD.WM.039.004.HC.png",-0.65,0.45,"Positive faces","purple"
"CFD.WM.039.008.HO.png",-0.45,1.5,"Positive faces","purple"
"CFD.WM.040.023.HO.png",-1.1,1.55,"Positive faces","purple"
"CFD.WM.040.025.HC.png",-0.55,1,"Positive faces","purple"
"CFD.WM.041.023.HC.png",-0.95,1.15,"Positive faces","purple"
"dc_0139_E.png",-0.75,1.45,"Positive faces","purple"
"HF01_HC.png",-1.15,1.6,"Positive faces","purple"
"HF01_HO.png",-1.05,1.6,"Positive faces","purple"
"HF02_HC.png",-0.85,1.45,"Positive faces","purple"
"HF02_HO.png",-0.7,1.45,"Positive faces","purple"
"HF03_HC.png",-1.025,1.175,"Positive faces","purple"
"HF03_HO.png",-1.55,1.8,"Positive faces","purple"
"HF04_HC.png",-0.85,1.25,"Positive faces","purple"
"HF04_HO.png",-1.4,1.7,"Positive faces","purple"
"HF05_HC.png",-0.9,1.55,"Positive faces","purple"
"HF05_HO.png",-0.75,1.15,"Positive faces","purple"
"HF07_HC.png",-0.7,0.95,"Positive faces","purple"
"HF07_HO.png",-0.45,1.25,"Positive faces","purple"
"HF08_HC.png",-1.15,0.95,"Positive faces","purple"
"HF08_HO.png",-0.25,1.2,"Positive faces","purple"
"HF09_HC.png",-0.05,1.25,"Positive faces","purple"
"HF09_HO.png",-0.1,1.35,"Positive faces","purple"
"HF10_HC.png",-1.25,1.4,"Positive faces","purple"
"HF10_HO.png",-0.8,1.5,"Positive faces","purple"
"HM01_HC.png",-1,1.2,"Positive faces","purple"
"HM01_HO.png",-1.19047619047619,1.47619047619048,"Positive faces","purple"
"HM02_HC.png",-0.85,0.95,"Positive faces","purple"
"HM02_HO.png",-0.95,1.35,"Positive faces","purple"
"HM03_HC.png",-0.85,0.9,"Positive faces","purple"
"HM03_HO.png",-1.02439024390244,1.4390243902439,"Positive faces","purple"
"HM04_HC.png",-0.5,1.1,"Positive faces","purple"
"HM04_HO.png",-0.6,1.2,"Positive faces","purple"
"HM05_HC.png",-0.95,1.025,"Positive faces","purple"
"HM05_HO.png",-0.65,1.5,"Positive faces","purple"
"HM06_HC.png",-1,1.85,"Positive faces","purple"
"HM06_HO.png",-0.7,0.8,"Positive faces","purple"
"HM07_HC.png",-1.075,1.35,"Positive faces","purple"
"HM07_HO.png",-0.85,1.55,"Positive faces","purple"
"HM08_HC.png",-0.3,1.2,"Positive faces","purple"
"HM08_HO.png",-0.35,0.8,"Positive faces","purple"
"HM09_HC.png",-1,1.15,"Positive faces","purple"
"HM09_HO.png",-0.714285714285714,1.14285714285714,"Positive faces","purple"
"HM10_HC.png",-0.875,0.975,"Positive faces","purple"
"HM10_HO.bmp",-0.9,1.15,"Positive faces","purple"
"HM10_HO.png",-0.55,1.1,"Positive faces","purple"
"HM11_HC.png",-0.9,1.2,"Positive faces","purple"
"HM11_HO.png",-0.857142857142857,1.66666666666667,"Positive faces","purple"
"HW_0068.png",-0.7,1.45,"Positive faces","purple"
"JG_0024.png",-0.75,1.3,"Positive faces","purple"
"JS_0281.png",-0.9,1.35,"Positive faces","purple"
"KA_0043.png",-0.85,0.7,"Positive faces","purple"
"KL_0092.png",-1.04761904761905,1.38095238095238,"Positive faces","purple"
"KM_0137.png",-0.2,0.7,"Positive faces","purple"
"KO_0277.png",-0.1,1.05,"Positive faces","purple"
"KP_0051.png",-1.05,1.1,"Positive faces","purple"
"KS_4222.png",-0.85,1.4,"Positive faces","purple"
"MB_0048.png",0,1.05,"Positive faces","purple"
"MG_0330.png",-0.275,1.075,"Positive faces","purple"
"MJ_0066.png",-1.1,1.5,"Positive faces","purple"
"MK_0040.png",-0.8,1.55,"Positive faces","purple"
"MK1_0087.png",-0.9,0.95,"Positive faces","purple"
"MK1_0461.png",1.4,-1.2,"Positive faces","purple"
"MR_0055.png",-0.45,1.6,"Positive faces","purple"
"MR1_0132.png",-0.2,1.15,"Positive faces","purple"
"MR2_0063.png",-0.45,1.45,"Positive faces","purple"
"MS_0291.png",-0.3,1.4,"Positive faces","purple"
"OG_6189.png",-0.761904761904762,1.23809523809524,"Positive faces","purple"
"PA_0112.png",-0.55,1.35,"Positive faces","purple"
"PB_0499.png",-0.25,1.05,"Positive faces","purple"
"PO_0124.png",-0.761904761904762,1.61904761904762,"Positive faces","purple"
"PS_0236.png",-1,1.2,"Positive faces","purple"
"RA_0317.png",-0.25,1.2,"Positive faces","purple"
"RB_0329.png",-0.2,0.75,"Positive faces","purple"
"SO_0028.png",-0.476190476190476,0.761904761904762,"Positive faces","purple"
"SS_0018.png",-0.9,1.65,"Positive faces","purple"
"WF01_HC.png",0,1.3,"Positive faces","purple"
"WF01_HO.png",0.55,0.6,"Positive faces","purple"
"WF02_HC.png",-0.75,0.25,"Positive faces","purple"
"WF02_HO.png",-0.9,1.45,"Positive faces","purple"
"WF03_HC.png",-0.1,0.95,"Positive faces","purple"
"WF03_HO.png",-0.780487804878049,1.68292682926829,"Positive faces","purple"
"WF04_HC.png",-0.5,1.35,"Positive faces","purple"
"WF04_HO.png",-0.05,1.3,"Positive faces","purple"
"WF05_HC.png",-0.925,1.15,"Positive faces","purple"
"WF05_HO.png",-0.35,1.1,"Positive faces","purple"
"WF06_HC.png",-0.75,1.5,"Positive faces","purple"
"WF06_HO.png",-0.8,1.2,"Positive faces","purple"
"WF07_HC.png",-0.5,0.75,"Positive faces","purple"
"WF07_HO.png",-0.45,1.65,"Positive faces","purple"
"WF08_HC.png",-1.15,1.55,"Positive faces","purple"
"WF08_HO.png",0.05,0.9,"Positive faces","purple"
"WF10_HC.png",-0.857142857142857,1.47619047619048,"Positive faces","purple"
"WF10_HO.png",-0.35,1.55,"Positive faces","purple"
"WF11_HC.png",-0.825,0.925,"Positive faces","purple"
"WF11_HO.png",-1.1,1.65,"Positive faces","purple"
"WF12_HC.png",-1.25,1.45,"Positive faces","purple"
"WF12_HO.png",-0.35,1.45,"Positive faces","purple"
"WF13_HC.png",-0.9,1.325,"Positive faces","purple"
"WF13_HO.png",-1,1.35,"Positive faces","purple"
"WF14_HC.png",-0.9,1.65,"Positive faces","purple"
"WF14_HO.png",-0.1,1.25,"Positive faces","purple"
"WF15_HC.png",-1,1.1,"Positive faces","purple"
"WF15_HO.png",-1.04761904761905,1.42857142857143,"Positive faces","purple"
"WM01_HC.png",-0.9,1.1,"Positive faces","purple"
"WM01_HO.png",-0.6,1.5,"Positive faces","purple"
"WM02_HC.png",-0.55,1.05,"Positive faces","purple"
"WM02_HO.png",-0.45,1.3,"Positive faces","purple"
"WM03_HC.png",-1.4,1.4,"Positive faces","purple"
"WM03_HO.png",-1.05,1.7,"Positive faces","purple"
"WM04_HC.png",-0.75,0.55,"Positive faces","purple"
"WM04_HO.png",-0.5,1.4,"Positive faces","purple"
"WM05_HC.png",-0.3,0.8,"Positive faces","purple"
"WM05_HO.png",-0.2,1.2,"Positive faces","purple"
"WM06_HC.png",-0.5,1.3,"Positive faces","purple"
"WM06_HO.png",-0.5,1.2,"Positive faces","purple"
"WM07_HC.png",-1.15,1.3,"Positive faces","purple"
"WM07_HO.png",-0.2,1.05,"Positive faces","purple"
"WM08_HC.png",-0.85,1.05,"Positive faces","purple"
"WM08_HO.png",-1.1,1.55,"Positive faces","purple"
"WM09_HC.png",-1,1.7,"Positive faces","purple"
"WM09_HO.png",-0.857142857142857,1.0952380952381,"Positive faces","purple"
"WM10_HC.png",-0.35,1.45,"Positive faces","purple"
"WM10_HO.png",-0.15,1.15,"Positive faces","purple"
"WM11_HC.png",-0.75,1.5,"Positive faces","purple"
"WM11_HO.png",-0.25,1.3,"Positive faces","purple"
"WM12_HC.png",-1,1.4,"Positive faces","purple"
"WM12_HO.png",-0.95,1.25,"Positive faces","purple"
"WM13_HC.png",-0.45,0.95,"Positive faces","purple"
"WM13_HO.png",-0.9,1.6,"Positive faces","purple"
